Paper,Reference
,"J. Cleland-Huang, R. Settimi, X. Zou, P. Sole, ""Automated Classification of Non-Functional Requirements"", Requirements Eng., vol. 12, pp. 103-120, 2007."
1,"D. Zowghi, ""Resources: Collection of Software Requirements Specifications"", [online] Available: http://www.research.-it.uts.edu.au/re/cgibin/resourcessrs.cgi."
1,"J. Cleland-Huang, R. Settimi, X. Zou, P. Sole, ""The detection and classification of non-functional requirements with application to early aspects"", IEEE international conference on requirements engineering, pp. 39-48, 2006."
1,"C. Artelsmair, R. Wagner, ""Towards a Security Engineering Process"", Orlando, Florida, USA, 2003."
1,"D.G. Firesmith, ""Engineering Security Requirements"", Journal of Object Technology, vol. 2, no. 1, pp. 53-68, 2003."
1,"E. G. Amoroso, ""Fundamentals of Computer Security Technology"", Prentice-Hall, 1994, ISBN 0-13-305541-8."
1,"J.D. Moffett, C.B. Haley, B. Nuseibeh, ""Core Security Requirements Artefacts"", Technical Report number 2004/23. Department of Computing The Open University UK."
1,"J.D. Moffett, B. Nuseibeh, ""A Framework For Security Requirements Engineering Department of Computer Science"" YCS368. University of York UK, 2003."
1,"T.R. Farkhani, M.R. Razzazi, ""Examination and Classification of Security Requirements of Software Systems"", Information and Communication Technologies, vol. 2, pp. 2778-2783, 2006."
1,"A. Souag, R. Mazo, C Salinesi, I.C. Wattiau, ""Reusable knowledge in security requirements engineering: a systematic mapping study"", Requirements Eng., 2105, [online] Available: 10.1007/s00766-015-0220-8."
1,"D.G. Firesmith, ""Analyzing and Specifying Reusable Security Requirements"", RE'03 International Workshop on Requirements for High Assurance Systems, 2003."
1,"H.E. Hadary, S.E. Kassas, ""Capturing security requirements for software Systems"", Journal of Advanced Research, pp. 463-472, 2014."
1,"L. Lin, B. Nuseibeh, D. Ince, M. Jackson, J. D. Moffett, ""Introducing abuse frames for analyzing security requirements"", 11th IEEE international requirements engineering conference (RE'03), 2003."
1,"L. Lin, B. Nuseibeh, D. Ince, M. Jackson, J. D. Moffett, ""Analysing Security Threats and Vulnerabilities Using Abuse Frames"", Technical Report No: 2003/10. Department of Computing. United Kingdom."
1,"M. Jackson, ""Problem Frames: Analysing and structuring software development problems"", Addison Wesley, 2001."
1,"G. Sindre, D.G. Firesmith, A. L. Opdahl, ""A Reuse-Based Approach to Determining Security Requirements"", 9th international workshop on requirements engineering: foundation for software quality, 2003."
1,"G. Sindre, A.L. Opdahl, ""Eliciting Security Requirements with Misuse Cases"", Requirements Eng, vol. 10, no. 1, pp. 34-44, 2005."
1,"G. Sindre, A.L. Opdahl, ""Eliciting Security Requirements by Misuse Cases"", 37th International Conference on Technology of Object-Oriented Languages and Systems, 2000."
1,"G. Sindre, A.L. Opdahl, ""Templates for misuse case description"", Seventh international workshop on Requirements Engineering: Foundation of Software Quality (REFSQ'2001), 2001."
1,"J. Whittle, D. Wijesekera, M. Hartong, ""Executable Misuse Cases for Modeling Security Concerns"", 30th International Conference on Software Engineering, 2008."
1,"I.F. Alexander, ""Misuse cases: use cases with hostile intent"", IEEE Software, vol. 20, no. 1, pp. 58-66, 2003."
1,"J. McDermott, C. Fox, ""Using Abuse Case Models for Security Requirements Analysis"", Annual ComputerSecurity Applications Conference, 1999."
1,"A.V. Lamsweerde, ""Elaborating Security Requirements by Construction of Intentional Anti-Models"", 26th Int'l Conf Software Eng (ICSE 04), 2004."
1,"A.V. Lamsweerde, L.A. Hermoye, D.E. Perry, ""A Reuse-Based Approach to Security Requirements Engineering"", 2006."
1,"A.V. Lamsweerde, E. Letier, ""Handling Obstacles in Goal-Oriented Requirements Engineering"", IEEE Transactions on Software Engineering Special Issue on Exception Handling, vol. 26, no. 10, pp. 978-1005, 2000."
1,"A.V. Lamsweerde, S. Brohez, R.D. Landtsheer, D. Janssens, ""From System Goals to Intruder Anti-Goals: Attack Generation and Resolution for Security Requirements Engineering"", RHAS-03 Workshop RE'03, 2003."
1,"C.B. Haley, J.D. Moffett, R. Laney, B. Nuseibeh, ""Security Requirements Engineering: A Framework for Representation and Analysis"", IEEE Trans Software Eng., vol. 34, no. 1, pp. 133-153, 2008."
1,"C.B. Haley, R. Laney, B. Nuseibeh, ""Deriving Security Requirements from Crosscutting Threat Descriptions"", Third International Conference on aspect-oriented software development, 2004."
1,"F. Sebastiani, ""Machine Learning in Automated Text Categorization"", ACM Computing Surveys, vol. 34, no. 1, 2002."
1,"T. Menzies, A. Marcus, ""Automated Severity Assessment of Software Defect Reports"", IEEE International Conference on Software Maintenance (ICSM), 2008."
1,"T.R. Patil, S.S. Sherekar, ""Performance Analysis of Naïve Bayes and J48 Classification Algorithm for Data Classification"", International Journal Of Computer Science And Applications, vol. 6, no. 2, 2013."
1,"M.H. Danham, S. Sridhar, ""Data mining: Introductory Advanced Topics"" in Person education, 2006."
1,"A.K. Sharma, S. Sahni, ""A Comparative Study of Classification Algorithms for Spam Email DataAnalysis"", IJCSE, vol. 3, no. 5, pp. 1890-1895, 2011."
1,"Y. Jiang, B. Cukic, Y. Ma, ""Techniques for evaluating fault prediction models"", Empirical. Software. Engineering, vol. 13, no. 15, pp. 561-595, 2008."
1,"K.E. Emam, S. Benlarbi, N. Goel, S. Rai, ""A validation of object-oriented metrics"", NRC Technical report ERB-i063, 1999."
1,"M Stone, ""Cross-validatory choice and assessment of statistical predictions"", Journal Royal Stat. Soc., vol. 36, pp. 111-147, 1974."
2,"W. Maalej, Z. Kurtanovic, H. Nabil, C. Stanik. 2016. ""On the automatic classification of app reviews"". Requirements Engineering, 21, 3, 311--331."
2,"E. Guzman, M. El-Haliby, B. ""Ensemble Methods for App Re-view Classification: An Approach for Software Evolution"". ASE'15, 771--776."
2,"S. Panichella, A. Di Sorbo, et al. ""How Can I Improve My App? Classifying User Reviews for Software Maintenance and Evolution"". ICSME'15, 281--290. "
2,"P.M. Vu, H.V. Pham, T.T. Nguyen, T. T. Nguyen. ""Phrase-based extraction of user opinions in mobile app reviews"". ASE'16, Singapore, 726--731."
2,"W. Jiang, H. Ruan, et al, ""For User-Driven Software Evolution: Requirements Elicitation Derived from Mining Online Reviews"". PAKDD'14, 584--595."
2,"N. Chen, J. Lin, S.C.H. et al, ""AR-miner: Mining Informative Reviews for Developers from Mobile App Marketplace"". ICSE'14, 767--778."
2,"C. Gao, J. Zeng, M. R. Lyu and I. King. ""Online App Review Analysis for Identifying Emerging Issues"". ICSE'18, 48--58."
2,"H. Yang and P. Liang. ""Identification and Classification of Requirements from App User Reviews"". SEKE'15, 7--12."
2,"M. Lu and P. Liang. ""Automatic Classification of Non-Functional Requirements from Augmented App User Reviews"". EASE'17, 344--353."
2,"E.C. Groen, S. Kopczynska, et al, ""Users-The Hidden Software Product Quality Experts?"", RE'17, 80--89."
2,"ISO. 2011. ISO/IEC 25010, ""Systems and software engineering - Systems and software Quality Requirements and Evaluation (SQuaRE) - System and software quality models"". FDIS."
2,"R. Wieringa. 2014. ""Design Science Methodology for Information Systems and Software Engineering"". Springer, ISBN 978-3-662-43838-1."
3,"I. Sommerville, ""Software engineering"", Pearson, 2016."
3,"H. Krasner, ""The Cost of Poor Quality Software in the US: A 2018 Report"", 2018."
3,"R. B. Svensson, T. Gorschek, B. Regnell, ""Quality Requirements in Practice : An Interview Study in Requirements Engineering for Embedded systems"", Requir. Eng. Found. Softw. Qual. Proc. 15th Int. Work. Conf. REFSQ 2009, pp. 218-232, 2009."
3,"A. Borg, A. Yong, P. Carlshamre, K. Sandahl, ""The Bad Conscience of Requirements Engineering: An Investigation in Real-World Treatment of Non-Functional Requirements"", Third Conf. Softw. Eng. Res. Pract. Sweden (SERPS’03) L-und, pp. 1-8, 2003."
3,"D. Ameller, C. Ayala, J. Cabot, X. Franch, ""How do software architects consider non-functional requirements: An exploratory study"", 2012 20th IEEE Int. Requir. Eng. Conf. RE 2012 - Proc, pp. 41-50, 2012."
3,"L. Chung, B. A. Nixon, E. Yu, J. Mylopoulos, ""Non-Functional Requirements in Software Engineering"", Boston, MA:Springer US, 2000."
3,"C' and icero N. dos Santos, ""Deep Convolutional Neural Networks for Sentiment Analysis of Short Texts"", 25th Int. Conf. Comput. Linguist., pp. 69-78, 2014."
3,"G. Hinton et al., ""Deep neural networks for acoustic modeling in speech recognition: The shared views of four research groups"", IEEE Signal process. Mag, vol. 29, no. 6, pp. 82-97, Nov. 2012."
3,"""25th IEEE International Requirements Engineering Conference"", [online] Available: http://ctp.di.fct.unl.pt/RE2017//pages/submission/data_papers/."
3,"""A taxonomy of current issues in requirements engineering"", Computer (Long. Beach. Calif), vol. 18, no. 4, pp. 14-23, Apr. 1985."
3,"J. Slankas, L. Williams, ""Automated extraction of non-functional requirements in available documentation"", 2013 1st International Workshop on Natural Language Analysis in Software Engineering NaturaLiSE 2013 - Proceedings, pp. 9-16, 2013."
3,"""Text Classification using Neural Networks - Machine Learnings"", [online] Available: https://machinelearnings.co/text-classification-using-neural-networks-f5cd7b8765c6."
3,"A. Rajaraman, J. D. Ullman, ""Mining of Massive Datasets: Data Mining (Ch01)"", Min. Massive Datasets, vol. 18, pp. 114-142, 2011."
3,"Y. Goldberg, G. Hirst, ""Neural Network Methods in Natural Language Processing"", 2017."
3,"""Natural Language Toolkit — NLTK 3.4 documentation"", [online] Available: https://www.nltk.org/."
3,"""TensorFlow"", [online] Available: https://www.tensorflow.org/."
3,"T. Menzies, B. Caglayan, E. Kocaguneli, J. Krall, F. Peters, B. Turhan, ""The PROMISE repository of empirical software engineering data"", June 2012."
3,"B. D. Ripley, ""Pattern recognition and neural networks"", Cambridge University Press, 1996."
3,"J. Cleland-Huang, R. Settimi, Xuchang Zou, P. Solc, ""The Detection and Classification of Non-Functional Requirements with Application to Early Aspects"", 14th IEEE International Requirements Engineering Conference (RE’06), pp. 39-48, 2006."
3,"Z. Kurtanovic, W. Maalej, ""Automatically Classifying Functional and Non-functional Requirements Using Supervised Machine Learning"", Proc. - 2017 IEEE 25th Int. Requir. Eng. Conf. RE 2017, pp. 490-495, 2017."
3,"Z. S. H. Abad, O. Karras, P. Ghazi, M. Glinz, G. Ruhe, K. Schneider, ""What Works Better? A Study of Classifying Requirements"", Proc. - 2017 IEEE 25th Int. Requir. Eng. Conf. RE 2017, no. 1, pp. 496-501, 2017."
3,"A. Dekhtyar, V. Fong, ""RE Data Challenge: Requirements Identification with Word2Vec and TensorFlow"", Proc. - 2017 IEEE 25th Int. Requir. Eng. Conf. RE 2017, pp. 484-489, 2017."
3,"J. Devlin, M.-W. Chang, K. Lee, K. T. Google, A. I. Language, ""BERT: Pre-training of Deep Bidirectional Transformers for Language Understanding""."
3,"K. Weiss, T. M. Khoshgoftaar, D. D. Wang, ""A survey of transfer learning, Springer International Publishing"", vol. 3, no. 1, 2016."
4,"T. Moriarty T., ""The Next Paradigm."", Database Programming and Design, vol. 6, no. 2, 1993, pp. 66-69."
4,"T. Morgan, ""Business Rules and Information Systems"",Addison-Wesley 2002."
4,"R. G. Ross, ""The Business Rule Book"" (IInd Edition), Business Rule Solutions, 1997."
4,""" http://www.omg.org/spec/"""
4,"E. Gottesdiener, ""Capturing Business Rules"", Software Development Magazine: Management Forum, vol. 7, no. 12, December 1999."
4,"D. Hay and K.A. Healy, ""Defining Business Rules ~ What Are They Really?"", GUIDE Business Rules Project, Final Report-revision 1.2, GUIDE International Corporation, Chicago, July 2000."
4,"C.J. Date, ""What Not How: The Business Rule Approach to Application Development"", Addison-Wesley, 2000."
4,"E. Gottesdiener, ""Business Rules Show Power, Promise,"" Application Development Trends, vol. 4, no. 3, 1997, pp. 36-42."
4,"E. Gottesdiener, ""Business Rules Rule,"" QSS (now IBM TeleLogic) Newletter, 2000."
4,"O., Albayrak, H., Kurtoglu and M., Biaki, ""Incomplete Software Requirements and Assumptions Made by Software Engineers"", Asia-Pacific Software Engineering Conference, (APSEC 2009), pp.333-339."
4,"L. Ma, B. Nuseibeh, P. Piwek, A. De Roeck, A. Anne and Willis, ""On presuppositions in requirements"", In Proceedings: 2009 Second International Workshop on Managing Requirements Knowledge (MaRK'09), September 2009, Atlanta, Georgia, USA."
4,"I., Androutsopoulos, G., Paliouras, V. Karkaletsis, G. Sakkis, C., D., Spyropoulos and P., Stamatopoulos, ""Learning to Filter Spam E-Mail: A Comparison of a Naïve Bayesian and a Memory-Based Approach"", In proceedings of workshop on Machine Learning and Textual Information Access, H. Zaragoza, P. Gallinari and M., Rajman (Eds.), 4th European Conference on Principles and Practice of Knwoledge Discovery in Databases (PKDD), 2000, pp. 1-13."
4,"R., Mason, B., McInnis and S. Dalal, ""Machine Learning for Automatic Identification of Terrorist Incidents in WorldWide News media"", International Conference on Intelligence and Security Informatics, 2012, pp. 11-14."
4,"L. Slankas and J. Williams, ""Automated Extraction of NonFunctional Requirements in Available Documentation"", In International Workshop on Natural Language Analysis in Software Engineering (NaturaLise), colocated with International Conference on Software Engineerin, ICSE-2013, pp. 9-16."
4,"J. Han, M. Kamber, and J. Pei, ""Data Mining: Concepts and Techniques"", 3rd ed. Morgan Kaufmann, 2011."
5,"T. Mikolov, I. Sutskever, K. Chen, G. Corrado, J. Dean, ""Distributed representations of words and phrases and their compositionality"", Proceedings of the 26th International Conference on Neural Information Processing Systems ser. NIPS'13, pp. 3111-3119, 2013."
5,"S. H. Houmb, S. Islam, E. Knauss, J. Jürjens, K. Schneider, ""Eliciting security requirements and tracing them to design: An integration of common criteria heuristics and UMLsec"", Requir. Eng., vol. 15, no. 1, pp. 63-93, Mar. 2010."
5,"E. Knauss, K. Scheider, S. Houmb, I. Shareeful, J. Jürjens, ""Supporting requirements engineers in recognising security issues"", Proceedings of 17th Intl. Working Conference on Requirements Engineering: Foundation for Software Quality (REFSQ'11), 2011."
5,"J. Cleland-Huang, R. Settimi, X. Zou, P. Solc, ""Automated classification of non-functional requirements"", Requirements Engineering, vol. 12, no. 2, pp. 103-120, 2007."
5,"T. Mikolov, K. Chen, G. Corrado, J. Dean, ""Efficient estimation of word representations in vector space"", CoRR, vol. abs/1301.3781, 2013."
5,"S. Pichai, ""TensorFlow: smarter machine learning for everyone"", Google Official Blog, 2015."
5,"Y. LeCun, L. Bottou, Y. Bengio, P. Haffner, ""Gradient-based learning applied to document recognition"", Proceedings of the IEEE, vol. 86, no. 11, pp. 2278-2324, 1998."
5,"A. Krizhevsky, I. Sutskever, G. E. Hinton, ""ImageNet classification with deep convolutional neural networks"" in Advances in Neural Information Processing Systems, Curran Associates, Inc., vol. 25, pp. 1097-1105, 2012."
5,"R. Collobert, J. Weston, L. Bottou, M. Karlen, K. Kavukcuoglu, P. Kuksa, ""Natural language processing (almost) from scratch"", J. Mach. Learn. Res., vol. 12, pp. 2493-2537, Nov. 2011."
5,"Y. Kim, ""Coulutional neural networks for sentence classification"", Proceedings of the 2014 Conference on Empirical Methods in Natural Language Processing EMNLP 2014, pp. 1746-1751, 2014."
5,"Y. Zhang, B. C. Wallace, ""A sensitivity analysis of (and practitioners' guide to) convolutional neural networks for sentence classification"", CoRR, vol. abs/1510.03820, 2015."
5,"G. E. Hinton, N. Srivastava, A. Krizhevsky, I. Sutskever, R. Salakhutdinov, ""Improving neural networks by preventing co-adaptation of feature detectors"", CoRR, vol. abs/1207.0580, 2012."
5,"I. Goodfellow, Y. Bengio, A. Courville, ""Deep Learning"", MIT Press, 2016."
6,"Z. S. H. Abad, O. Karras, P. Ghazi, M. Glinz, G. Ruhe, K. Schneider, ""What works better? A study of classifying requirements"", CoRR, vol. abs/1707.02358, 2017."
6,"M. Amrani, L. Lúcio, A. Bibal, ""ML + FV = Love? A survey on the application of machine learning to formal verification"", CoRR, vol. abs/1806.03600, 2018."
6,"P. Avesani, C. Bazzanella, A. Perini, A. Susi, ""Facing scalability issues in requirements prioritization with machine learning techniques"", 13th IEEE International Conference on Requirements Engineering (RE’05), pp. 297-305, Aug 2005."
6,"P. Avesani, A. Perini, A. Siena, A. Susi, ""Goals at risk? machine learning at support of early assessment"", 2015 IEEE 23rd International Requirements Engineering Conference (RE), pp. 252-255, Aug 2015."
6,"C. Castro-Herrera, C. Duan, J. Cleland-Huang, B. Mobasher, ""A recommender system for requirements elicitation in large-scale software projects"", Proceedings of the 2009 ACM Symposium on Applied Computing SAC ’09, pp. 1419-1426, 2009."
6,"H. Chen, K. He, P. Liang, R. Li, ""Text-based requirements preprocessing using nature language processing techniques"", 2010 International Conference On Computer Design and Applications, vol. 1, pp. V1-14-V1-18, June 2010."
6,"J. Cleland-Huang, R. Settimi, X. Zou, P. Solc, ""Automated classification of non-functional requirements"", Requirements Engineering, vol. 12, no. 2, pp. 103-120, Apr 2007."
6,"J. Coughlan, R. D. Macredie, ""Effective communication in requirements elicitation: A comparison of methodologies"", Requir. Eng., vol. 7, no. 2, pp. 47-60, June 2002."
6,"A. M. Davis, ""Software Requirements: Objects Functions and States"", Upper Saddle River, NJ, USA:Prentice-Hall, Inc., 1993."
6,"D. K. Deeptimahanti, R. Sanyal, ""Semi-automatic generation of uml models from natural language requirements"", Proceedings of the 4th India Software Engineering Conference ISEC ’11, pp. 165-174, 2011."
6,"R. Deocadez, R. Harrison, D. Rodriguez, ""Automatically classifying requirements from app stores: A preliminary study"", 2017 IEEE 25th International Requirements Engineering Conference Workshops (REW), pp. 367-371, Sept 2017."
6,"S. Dhingra, S. G, M. Madan, M. R., ""Selection of prioritization technique for software requirement using fuzzy logic and decision tree"", 2016 Online International Conference on Green Engineering and Technologies (IC-GET), pp. 1-11, Nov 2016."
6,"P. Domingos, ""The Master Algorithm: How the Quest for the Ultimate Learning Machine Will Remake Our World"", Basic Books, 2015."
6,"L. Dong, X. Zhang, N. Ye, X. Wan, ""Research on user requirements elicitation using text association rule"", Intelligence Information Processing and Trusted Computing (IPTC) 2010 International Symposium on, pp. 357-359, 2010."
6,"C. Duan, J. Cleland-Huang, ""A clustering technique for early detection of dominant and recessive cross-cutting concerns"", Proceedings of the Early Aspects at ICSE: Workshops in Aspect-Oriented Requirements Engineering and Architecture Design EARLYASPECTS ’07, pp. 1, 2007."
6,"A. Ferrari, S. Gnesi, G. Tolomei, J. Doerr, A. L. Opdahl, ""Using clustering to improve the structure of natural language requirements documents"" in Requirements Engineering: Foundation for Software Quality, Berlin, Heidelberg:Springer Berlin Heidelberg, pp. 34-49, 2013."
6,"F. Garzoli, D. Croce, M. Nardini, F. Ciambra, R. Basili, A. Moschitti, B. Plank, ""Robust requirements analysis in complex systems through machine learning"" in Trustworthy Eternal Systems via Evolving Software Data and Knowledge, Berlin, Heidelberg:Springer Berlin Heidelberg, pp. 44-58, 2013."
6,"V. Gervasi, D. Zowghi, D. Berry, X. Franch, ""Mining requirements links"" in Requirements Engineering: Foundation for Software Quality, Berlin, Heidelberg:Springer Berlin Heidelberg, pp. 196-201, 2011."
6,"M. Glinz, ""On non-functional requirements"", 15th IEEE International Requirements Engineering Conference (RE 2007), pp. 21-26, Oct 2007."
6,"E. Guzman, M. Ibrahim, M. Glinz, ""A little bird told me: Mining tweets for requirements and software evolution"", 2017 IEEE 25th International Requirements Engineering Conference (RE), pp. 11-20, Sept 2017."
6,"C. Hollis, T. Bhowmik, ""Automated support to capture verbal justin-time requirements in agile development: A practitioner view"", 2017 IEEE 25th International Requirements Engineering Conference Workshops (REW), pp. 419-422, Sept 2017."
6,"""The IBM Rational DOORS family"", [online] Available: https://www.ibm.com/us-en/marketplace/rational-doors."
6,"N. Jha, A. Mahmoud, P. Grünbacher, A. Perini, ""Mining user requirements from application store reviews using frame semantics"" in Requirements Engineering: Foundation for Software Quality, Cham:Springer International Publishing, pp. 273-287, 2017."
6,"W. Jiang, H. Ruan, L. Zhang, P. Lew, J. Jiang, V. S. Tseng, T. B. Ho, Z.-H. Zhou, A. L. P. Chen, H.-Y. Kao, ""For user-driven software evolution: Requirements elicitation derived from mining online reviews"" in Advances in Knowledge Discovery and Data Mining, Cham:Springer International Publishing, pp. 584-595, 2014."
6,"R. Jindal, R. Malhotra, A. Jain, ""Automated classification of security requirements"", 2016 International Conference on Advances in Computing Communications and Informatics (ICACCI), pp. 2027-2033, Sept 2016."
6,"H. Kaiya, Y. Shimizu, H. Yasui, K. Kaijiri, M. Saeki, ""Enhancing domain knowledge for requirements elicitation with web mining"", 2010 Asia Pacific Software Engineering Conference, pp. 3-12, Nov 2010."
6,"J. Karlsson, K. Ryan, ""A cost-value approach for prioritizing requirements"", IEEE Softw., vol. 14, no. 5, pp. 67-74, Sept. 1997."
6,"E. Knauss, S. Houmb, K. Schneider, S. Islam, J. Jurjens, D. Berry, X. Franch, ""Supporting requirements engineers in recognizing security issues"" in Requirements Engineering: Foundation for Software Quality, Berlin, Heidelberg:Springer Berlin Heidelberg, pp. 4-18, 2011."
6,"G. Kotonya, I. Sommerville, ""Requirements Engineering: Processes and Techniques"", Wiley Publishing, 1998."
6,"Z. Kurtanović, W. Maalej, ""Automatically classifying functional and non-functional requirements using supervised machine learning"", 2017 IEEE 25th International Requirements Engineering Conference (RE), pp. 490-495, Sept 2017."
6,"D. S. Lange, ""Text classification and machine learning support for requirements analysis using blogs"" in Innovations for Requirement Analysis. From Stakeholders’ Needs to Formal Designs, Berlin, Heidelberg:Springer Berlin Heidelberg, pp. 182-195, 2008."
6,"M. Lu, P. Liang, ""Automatic classification of non-functional requirements from augmented app user reviews"", Proceedings of the 21st International Conference on Evaluation and Assessment in Software Engineering EASE’17, pp. 344-353, 2017."
6,"G. Lucassen, F. Dalpiaz, J. M. E. M. van der Werf, S. Brinkkemper, I. Comyn-Wattiau, K. Tanaka, I.-Y. Song, S. Yamamoto, M. Saeki, ""Visualizing user story requirements at multiple granularity levels via semantic relatedness"" in Conceptual Modeling, Cham:Springer International Publishing, pp. 463-478, 2016."
6,"L. Lúcio, S. Rahman, C.-H. Cheng, A. Mavin, ""Just formal enough? automated analysis of ears requirements"", NASA Formal Methods - 9th International Symposium NFM 2017 Moffett Field, vol. 10227, pp. 427-434, 2017."
6,"T. M. Mitchell, ""Machine Learning"", McGraw-Hill, 1997."
6,"W. Maalej, H. Nabil, ""Bug report feature request or simply praise? on automatically classifying app reviews"", 2015 IEEE 23rd International Requirements Engineering Conference (RE), pp. 116-125, Aug 2015."
6,"B. Nuseibeh, S. Easterbrook, ""Requirements engineering: A roadmap"", Proceedings of the Conference on The Future of Software Engineering ICSE ’00, pp. 35-46, 2000."
6,"D. Ott, J. Doerr, A. L. Opdahl, ""Automatic requirement categorization of large natural language specifications at mercedes-benz for review improvements"" in Requirements Engineering: Foundation for Software Quality, Berlin, Heidelberg:Springer Berlin Heidelberg, pp. 50-64, 2013."
6,"R. Pinquié, P. Véron, F. Segonds, N. Croué, Y. Luo, ""A collaborative requirement mining framework to support oems"" in Cooperative Design Visualization and Engineering, Cham:Springer International Publishing, pp. 105-114, 2015."
6,"R. Qaddoura, A. Abu-Srhan, M. H. Qasem, A. Hudaib, ""Requirements prioritization techniques review and analysis"", 2017 International Conference on New Trends in Computing Sciences (ICTCS), pp. 258-263, Oct 2017."
6,"A. Rashid, S. A. A. Naqvi, R. Ramdhany, M. Edwards, R. Chitchyan, M. A. Babar, ""Discovering security requirements"", 2016 IEEE/ACM 38th International Conference on Software Engineering (ICSE), pp. 866-876, May 2016."
6,"R. Rauf, M. Antkiewicz, K. Czarnecki, ""Logical structure extraction from software requirements documents"", 2011 IEEE 19th International Requirements Engineering Conference, pp. 101-110, Aug 2011."
6,"S. Reddivari, Z. Chen, N. Niu, ""Recvisu: A tool for clustering-based visual exploration of requirements"", 2012 20th IEEE International Requirements Engineering Conference (RE), pp. 327-328, Sept 2012."
6,"M. Riaz, J. King, J. Slankas, L. Williams, ""Hidden in plain sight: Automatically identifying security requirements from natural language artifacts"", 2014 IEEE 22nd International Requirements Engineering Conference (RE), pp. 183-192, Aug 2014."
6,"T. L. Saaty, ""Decision making with the analytic hierarchy process"", International journal of services sciences, vol. 1, no. 1, pp. 83-98, 2008."
6,"J. Slankas, L. Williams, ""Automated extraction of non-functional requirements in available documentation"", 2013 1st International Workshop on Natural Language Analysis in Software Engineering (NaturaLiSE), pp. 9-16, May 2013."
6,"""The standish group report"", 2014."
6,"H. Sultanov, J. H. Hayes, ""Application of reinforcement learning to requirements engineering: requirements tracing"", 2013 21st IEEE International Requirements Engineering Conference (RE), pp. 52-61, July 2013."
6,"S. Teufl, ""Seamless Model-based Requirements Engineering: Models Guidelines Tools"", PhD thesis, 2017."
6,"A. Van Lamsweerde, ""Goal-oriented requirements engineering: A guided tour"", Proceedings of the Fifth IEEE International Symposium on Requirements Engineering RE ’01, pp. 249, 2001."
6,"Y. Wang, J. Zhang, ""Experiment on automatic functional requirements analysis with the efrfs semantic cases"", 2016 International Conference on Progress in Informatics and Computing (PIC), pp. 636-642, Dec 2016."
6,"M. Wieloch, S. Amornborvornwong, J. Cleland-Huang, ""Trace-by-classification: A machine learning approach to generate trace links for frequently occurring software artifacts"", 2013 7th International Workshop on Traceability in Emerging Forms of Software Engineering (TEFSE), pp. 110-114, May 2013."
6,"G. Williams, A. Mahmoud, ""Mining twitter feeds for software user requirements"", 2017 IEEE 25th International Requirements Engineering Conference (RE), pp. 1-10, Sept 2017."
6,"J. Winkler, A. Vogelsang, ""Automatic classification of requirements based on convolutional neural networks"", 2016 IEEE 24th International Requirements Engineering Conference Workshops (REW), pp. 39-45, Sept 2016."
6,"X. Xiao, A. Paradkar, S. Thummalapenta, T. Xie, ""Automated extraction of security policies from natural-language software documents"", Proceedings of the ACM SIGSOFT 20th International Symposium on the Foundations of Software Engineering FSE ’12, pp. 12:1-12:11, 2012."
6,"D. Zhang, J. J. P. Tsai, ""Machine learning and software engineering"", 14th IEEE International Conference on Tools with Artificial Intelligence 2002. (ICTAI 2002). Proceedings, pp. 22-29, 2002."
6,"D. Zowghi, C. Coulin, ""Requirements Elicitation: A Survey of Techniques Approaches and Tools"", Berlin, Heidelberg:Springer Berlin Heidelberg, pp. 19-46, 2005."
7,"Adepetu, A., Ahmed, K.A., Al Abd, Y., Al Zaabi, A., Svetinovic, D., 2012. ""CrowdREquire: a requirements engineering crowdsourcing platform"". "
7,"Arora, C., Sabetzadeh, M., Briand, L., Zimmer, F., 2015. ""Automated checking of conformance to requirements templates using natural language processing"". IEEE Trans. Softw. Eng. 41 (10), 944–968. "
7,"Beck, K., 2000. ""Extreme programming explained: embrace change"". addison-wesley professional. "
7,"Boehm, B.W., 1978. ""Characteristics of Software Quality"", Vol. 1 North-Holland. Boehm, B.W., 1981. Software Engineering Economics, Vol. 197. Prentice-hall, Englewood Cliffs (NJ)."
7,"Brabham, D.C., 2008. ""Crowdsourcing as a model for problem solving an introduction and cases"". Convergence 14 (1), 75–90."
7,"Breaux, T.D., Schaub, F., 2014. ""Scaling requirements extraction to the crowd: experiments with privacy policies"". IEEE 22nd International Requirements Engineering Conference (RE)."
7,"Casamayor, A., Godoy, D., Campo, M., 2010. ""Identification of non-functional requirements in textual specifications: A semi-supervised learning approach"". Inf. Softw. "
7,"""Technol"". 52 (4), 436–445. "
7,"""Chaos: Standish Group: Chaos Report"", 2015. "
7,"Cheng, B.H., Atlee, J.M., 2007. ""Research directions in requirements engineering"". In: May 2007 Future of Software Engineering, pp. 285–303. "
7,"Cleland-Huang, J., Dumitru, H., Duan, C., Castro-Herrera, C., 2009. ""Automated support for managing feature requests in open forums"". Commun. ACM 52 (10), 68–74. "
7,"Cleland-Huang, J., Settimi, R., Zou, X., Solc, P., 2006. ""The detection and classification of non-functional requirements with application to early aspects"". In: 14th IEEE International Requirements Engineering Conference (RE’06), pp. 39–48. "
7,"Cleland-Huang, J., Settimi, R., Zou, X., Solc, P., 2007. ""Automated classification of non-functional requirements"". Requirements Eng. 12, 103–120. "
7,"Doan, A., Ramakrishnan, R., Halevy, A.Y., 2011. ""Crowdsourcing systems on the world-wide web"". Commun. ACM 54 (4), 86–96. "
7,"Dzung, D.V., Ohnishi, A., 2009. ""Improvement of quality of software requirements with requirements ontology"". In: 2009 Ninth International Conference on Quality Software, pp. 284–289. "
7,"Finkelstein, A., Lim, S.L., 2012. ""StakeRare: using social networks and collaborative filtering for large-scale requirements elicitation"". IEEE Trans. Softw. Eng. 38 (3), 707–735. "
7,"Galvis Carreño, L.V., Winbladh, K., 2013. ""Analysis of user comments: an approach for software requirements evolution"". In: Proceedings of the 2013 International Conference on Software Engineering, May, pp. 582–591. "
7,"Glinz, M., 2007. ""On non-functional requirements"". In: 15th IEEE International Requirements Engineering Conference (RE 2007), pp. 21–26. "
7,"Grady, R.B., Caswell, D.L.: ""Software metrics: establishing a company-wide program"", 1987. "
7,"Haiduc, S., Arnaoudova, V., Marcus, A., Antoniol, G., 2016. ""The use of text retrieval and natural language processing in software engineering"". In: Proceed- ings of the 38th International Conference on Software Engineering Companion, pp. 898–899. "
7,"Happel, H.J., Seedorf, S., 2006. ""Applications of ontologies in software engineering"". In: Proc. of Workshop on Sematic Web Enabled Software Engineering""(SWESE) on the ISWC, pp. 5–9. "
7,"Hosseini, M., Phalp, K.T., Taylor, J., Ali, R., 2014. ""Towards crowdsourcing for requirements engineering"", pp. 82–101. "
7,"ISO/IEC Standard 9126-1. ""Software Engineering – Product Quality – Part 1: Quality Model"", 2001. "
7,"Jiao, F., Wang, S., Lee, C.H., 2006. ""Semi-supervised conditional random fields for improved sequence segmentation and labeling"". In: Proceedings of the 21st Inter- national Conference on Computational Linguistics and 44th Annual Meeting of the ACL, pp. 209–216. "
7,"Keller, J.M., Gray, M.R., Givens, J.A., 1985. ""A fuzzy k-nearest neighbor algorithm"". In: IEEE Trans. Syst. Man Cybernet., pp. 580–585. "
7,"Maalej, W., Nabil, H., August 2015. ""Bug report, feature request, or simply praise? on automatically classifying app reviews"". In: 2015 IEEE 23rd international requirements engineering conference (RE), pp. 116–125. "
7,"McKinley, D., 2013. ""Functionality and Usability Requirements For a Crowdsourcing Task Interface That Supports Rich Data Collection and Volunteer Participation (Doctoral Dissertation)"". School of Information Management, Victoria University of Wellington. "
7,"Meth, H., Brhel, M., Maedche, A., 2013. ""The state of the art in automated requirements elicitation"". Inf. Softw. Technol. 55 (10), 1695–1709. "
7,"Mylopoulos, J., Chung, L., Nixon, B., 1992. ""Representing and using nonfunctional requirements: A process-oriented approach"". IEEE Trans. Softw. Eng. 18 (6), 483–497. "
7,"Naparat, D., Finnegan, P., 2013. ""Crowdsourcing software requirements and development: a mechanism-based exploration of ‘opensourcing’"". In: Proceedings of the Nineteenth Americas Conference on Information Systems. Chicago, Illinois, August 14-17. "
7,"Ormeño, Y.I., Panach, J.I., Condori-Fern, N., Pastor, Ó., 2013. ""Towards a proposal to capture usability requirements through guidelines"". In: IEEE 7th International Conference on Research Challenges in Information Science (RCIS), pp. 1–12. "
7,"Pohl, K., Rupp, C., 2011. ""Requirements Engineering fundamentals: a Study Guide For the Certified Professional For Requirements Engineering Exam-Foundation level-IREB Compliant"". Rocky Nook, Inc. "
7,"Rashwan, A., Ormandjieva, O., Witte, R., 2013. ""Ontology-based classification of non-functional requirements in software specifications: a new corpus and svm-based classifier"". In: Computer Software and Applications Conference (COMPSAC), 2013 IEEE 37th Annual, pp. 381–386. "
7,"Riaz, M., King, J., Slankas, J., Williams, L., 2014. ""Hidden in plain sight: automatically identifying security requirements from natural language artifacts"". In: IEEE 22nd International Requirements Engineering Conference (RE), pp. 183–192. "
7,"Rish, I., 2001. ""An empirical study of the naive Bayes classifier"". In: IJCAI 2001 Workshop on Empirical Methods in Artificial Intelligence, Vol. 3, pp. 41–46. "
7,"Roman, G.C., 1985. ""A taxonomy of current issues in requirements engineering"". Computer 18 (4), 14–23. "
7,"Royce, W.W., 1970. ""Managing the development of large software systems"". In: proceedings of IEEE WESCON, 26, pp. 328–338. "
7,"SERC, 2017. ""(Systems Engineering Research Center): system Qualities ontology, tradespace and affordability (aqota) project-phase 5"" Technical Report SERC-2017-TR-105, April 30. "
7,"Slankas, J., Williams, L., 2013. ""Automated extraction of non-functional requirements in available documentation"". In: 1st International Workshop on Natural Language Analysis in Software Engineering (NaturaLiSE), pp. 9–16. "
7,"Snijders, R., Atilla, Ö., Dalpiaz, F., Brinkkemper, S., 2015. ""Crowd-centric requirements engineering: a method based on crowdsourcing and gamification Technical Report Series"", (UU-CS-2015-004). "
7,"Suykens, J.A., Vandewalle, J., 1999. ""Least squares support vector machine classifiers"". Neural Process. Lett. 9 (3), 293–300. "
7,"Toro, A.D., Jiminez, B.B., Bonilla, M.T., Corchuelo, R., Cortés, A.R., Pérez, J., 1999. ""Expressing customer requirements using natural language requirements templates and patterns"". In: Proceedings of the 3rd IMACS/IEEE International Multiconference on Circuits, Systems,Communications, and Computers. IEEE Computer Society. "
7,"Van Lamsweerde, A., 2009. ""Requirements engineering: from system goals to UML models to software specifications"". Wiley Publishing. "
7,"Vlas, R.E., Robinson, W.N., 2012. ""Two rule-based natural language strategies for requirements discovery and classification in open source software development projects"". J. Manag. Inf. Syst. 28 (4), 11–38. "
7,"V-ModellXT, 2004. ""Entwicklungsstandard Fur IT-Systeme Des Bundes"". Bundesrepublic Deutschland, Corgehensmodell www.kbst.bund.de. "
7,"Wang, H., Wang, Y., Wang, J., 2014. ""A participant recruitment framework for crowdsourcing based software requirement acquisition"". In: 2014 IEEE 9th International Conference on Global Software Engineering, pp. 65–73. "
7,"Zand, D.E., Sorensen, R.E., 1975. ""Theory of change and the effective use of management science"". Admin. Sci. Q. 532–545. "
7,"Zhang, W., Yang, Y., Wang, Q., Shu, F., 2011. ""An empirical study on classification of non-functional requirements"". In: The Twenty-Third International Conference on Software Engineering and Knowledge Engineering (SEKE 2011), pp. 190–195. "
8,"Ke Mao, Licia Capra, Mark Harman, and Yue Jia. 2017. ""A survey of the use of crowdsourcing in software engineering"". Journal of Systems and Software 126 (2017), 57--84."
8,"Mahmood Hosseini, Alimohammad Shahri, Keith Phalp, Jacqui Taylor, Raian Ali, and Fabiano Dalpiaz. 2015. ""Configuring crowdsourcing for requirements elicitation"". 2015 IEEE 9th International Conference on Research Challenges in Information Science (RCIS) (2015)."
8,"D. Port, A. Nikora, J.H. Hayes, and Liguo Huang. 2011. ""Text Mining Support for Software Requirements: Traceability Assurance"". 2011 44th Hawaii International Conference on System Sciences (2011)."
8,"Tao Xie, Suresh Thummalapenta, David Lo, and Chao Liu. 2009. ""Data Mining for Software Engineering"". Computer 42, 7 (2009), 55--62."
8,"Zahra Shakeri Hossein Abad, Oliver Karras, Parisa Ghazi, Martin Glinz, Guenther Ruhe, and Kurt Schneider. 2017. ""What Works Better? A Study of Classifying Requirements"". 2017 IEEE 25th International Requirements Engineering Conference (RE) (2017)."
8,"Zijad Kurtanovic and Walid Maalej. 2017. ""Automatically Classifying Functional and Non-functional Requirements Using Supervised Machine Learning"". 2017 IEEE 25th International Requirements Engineering Conference (RE) (2017)."
8,"Mohammad Mahmoud. 2017. ""Software Requirements Classification using Natural Language Processing and SVD"". International Journal of Computer Applications 164, 1 (2017), 7--12."
8,"Hui Yang and Peng Liang. 2015. ""Identification and Classification of Requirements from App User Reviews"". Proceedings of the 27th International Conference on Software Engineering and Knowledge Engineering (2015)."
8,"Mahmood Hosseini, Keith Phalp, Jacqui Taylor, and Raian Ali. 2014. ""The four pillars of crowdsourcing: A reference model"". 2014 IEEE Eighth International Conference on Research Challenges in Information Science (RCIS) (2014)."
8,"Bhumika Gupta, Aditya Rawat, Akshay Jain, Arpit Arora, and Naresh Dhami. 2017. ""Analysis of Various Decision Tree Algorithms for Classification in Data Mining"". International Journal of Computer Applications 163, 8 (2017), 15--19."
8,"Xiao Dan Zhu, Jin Song Su, Qing Feng Wu, and Huai Lin Dong. 2012. ""Naive Bayes Classification Algorithm Based on Optimized Training Data"". Advanced Materials Research 490--495 (2012), 460--464."
8,"Fathimath Zuha and Geetha Achuthan. 2016. ""Analysis of Data Mining Techniques and its Applications"". International Journal of Computer Applications 140, 3 (2016), 6--14."
9,"J. Capers, ""Applied Software Measurement: Assuring Productivity and Quality"", New York:McGraw-Hill, 1996."
9,"J. A. Goguen, C. Linde, ""Techniques for requirements elicitation"", Proceedings of the IEEE International Symposium on Requirements Engineering, pp. 152-164, 1993."
9,"D. Zowghi, C. Coulin, A. Aurum, C. Wohlin, ""Requirements Elicitation: A Survey of Techniques Approaches and Tools"" in Engineering and Managing Software Requirements, Berlin, Heidelberg:Springer, 2005."
9,"A. Liu, J.J.P. Tsai, ""A knowledge-based approach for requirements analysis"", International Journal of Artificial Intelligence Tools, vol. 5, no. 2, pp. 167-184, 1996."
9,"M. Lowry, ""Software engineering in the twenty first century"", AI Magazine, vol. 14, no. 3, pp. 71-87, 1992."
9,"J. Mostow, ""Special issue on artificial intelligence and software engineering"", IEEE Transactions on Software Engineering, vol. 11, no. 11, pp. 1253-1408, November 1985."
9,"D. Partridge, ""Artificial Intelligence and Software Engineering"", AMACOM, 1998."
9,"A. Casamayor, D. Godoy, M. Campo, ""Identification of nonfunctional requirements in textual specifications: A semisupervised learning approach"", Information and Software Technology, vol. 52, no. 4, pp. 436-445, Apr. 2010."
9,"J. Cleland-Huang, R. Settimi, X. Zou, P. Sole, ""The detection and classification of non-functional requirements with application to early aspects"", Requirements Engineering 14th IEEE International Conference. IEEE, 2006."
9,"C. Iacob, R. Harrison, ""Retrieving and analyzing mobile apps feature requests from online reviews. In Mining Software Repositories (MSR)"", 2013 10th IEEE Working Conference on. IEEE, 2013."
9,"W. Maalej, Z. Kurtanovic, H. Nabil, C. Stanik, ""On the automatic classification of app reviews"", Requirements Engineering, 2016."
9,"J. Cleland-Huang, R. Settimi, X. Zou, P. Solc, ""Automated Classification of Non-functional Requirements"", Requirements Engineering, vol. 12, no. 2, pp. 103-120, Mar. 2007."
9,"L. Chung, B. Nixon, E. Yu, J. Mylopoulos, ""Nonfunctional Requirements in Software Engineering"", Norwell, Massachusetts:Kluwer Academic Publishers, 2000."
9,"M. Barbacci, M. Klein, T. Longstaff, C. Weinstock, ""Quality attributes CMU/SEI-95-TR-021"", Software Engineering Institute Carnegie Mellon University, 1995."
9,"""Standard for a Software Quality Metrics Methodology. Institute of Electrical and Electronics Engineers"", IEEE Standard, pp. 1061-1992, 1992."
9,"J. Slankas, L. Williams, ""Automated extraction of non-functional requirements in available documentation"", 2013 1st International Workshop on Natural Language Analysis in Software Engineering (NaturaLiSE), pp. 9-16, 2013."
9,"L. Chung, J.C.S. Do Prado Leite, A.T. Borgida, V.K. Chaudhri, P. Giorgini, E.S. Yu, ""(eds) Conceptual Modeling: Foundations and Applications"" in Lecture Notes in Computer Science, Berlin, Heidelberg:Springer, vol. 5600, 2009."
9,"D. Zhang, J.J.P. Tsai, ""Advances in Machine Learning Applications in Software Engineering"", PA:IGI Publishing Inc., 2007."
9,"T. Mitchell, ""Machine Learning"", McGraw-Hill, 1997."
9,"D. Zhang, ""Applying Machine Learning Algorithms in Software Development"", Modeling Software System Structures in a fastly moving Scenario 2000 Monterey Workshop, June 13 − 16, 2000."
9,"T. Khoshgoftaar, ""Special Issue on Quality Engineering with Computational Intelligence"", Software Quality Journal, vol. 11, no. 2, June 2003."
9,"J. Lee, ""Software Eng with Computational Intelligence"", Springer-Verlag, 2003."
9,"W. Pedrycz, J.F. Peters, ""Computational Intelligence in Software Engineering"" in World Scientific Publisher, 1998."
9,"T. Menzies, R. Krishna, D. Pryor, ""The Promise Repository of Empirical Software Engineering Data"", North Carolina State University Department of Computer Science, 2016."
9,"S. Supakkul, L. Chung, ""The RE-Tools: A multi-notational requirements modeling toolkit"", 2012 20th IEEE International Requirements Engineering Conference (RE), pp. 333-334, 2012."
9,"H. He, E. A. Garcia, ""Learning from imbalanced data"", IEEE Transactions on knowledge and data engineering, vol. 21, no. 9, 2009."
9,"Y. Zhang, R. Jin, Z. H. Zhou, ""Understanding bag-of-words model: a statistical framework"", International Journal of Machine Learning and Cybernetics, vol. 1, no. 1-4, pp. 43-52, 2010."
9,"S. Robertson, ""Understanding inverse document frequency: on theoretical arguments for IDF"", Journal of Documentation, vol. 60, no. 5, pp. 503-520, 2004."
9,"N. Subramanian, L. Chung, Song Yeong-tae, ""An NFR-Based Framework for Establishing Traceability between Enterprise Architectures and System Architectures"", Seventh ACIS International Conference on Software Engineering Artificial Intelligence Networking and Parallel/Distributed Computing (SNPD'06), pp. 21-28, 2006."
9,"L. Chung, B. Nixon, E. Yu, ""Using Quality Requirements to Systematically Develop Quality Software"", Proceedings of the Fourth International Conference on Software Quality, pp. 3-5, 1994."
9,"L. Chung, S. Sapakkul, ""Capturing and Reusing Functional and Nonfunctional Requirements Knowledge: A Goal-Object Pattern Approach"", 2006 IEEE International Conference on Information Reuse & Integration, pp. 539-544, 2006."
9,"B. A. Nixon, ""Management of performance requirements for information systems"", IEEE Transactions on Software Engineering, vol. 26, no. 12, pp. 1122-1146, Dec 2000."
9,"""Guidelines for conducting systematic mapping studies in software engineering"", Inf. Softw. Technol., vol. 64, pp. 1-18, August 2015."
9,"F.P. Brooks, ""No Silver Bullet: Essence and Accidents of Software Engineering"", IEEE Computer, pp. 10-19, April 1987."
9,"Y. Laghouaouta, A. Anwar, M. Nassar, B. Coulette, ""A dedicated approach for model composition traceability"", Information and Software Technology, vol. 91, pp. 142-159, 2017."
9,"WB. Frakes, R. Baeza-Yates, ""Information retrieval: data structures and algorithms"", Englewood Cliffs:Prentice-Hall, 1992."
9,"B. Recht, C. Re, S. Wright, F. Niu, ""Hogwild: A lock-free approach to parallelizing stochastic gradient descent"", Proceedings of NIPS, pp. 693-701, 2011."
9,"L. Bottou, G. Montavon, G. B. Orr, K.-R. Muller, ""Neural Networks Tricks of the Trade Reloaded Lecture Notes in Computer Science (LNCS 7700)"", Springer, pp. 430-445, 2012."
9,"Y. Tsuruoka, J. Tsujii, S. Ananiadou, ""Stochastic gradient descent training for L1- regularized log-linear models with cumulative penalty"", Proceedings of the Joint Conference of the 47th Annual Meeting of the ACL and the 4th International Joint Conference on Natural Language Processing of the AFNLP, pp. 477-485, 2009."
9,"E. Knauss, D. Damian, G. Poo-Caamano, J. Cleland-Huang, ""Detecting and classifying patterns of requirements clarifications"", 20th IEEE International Requirements Engineering Conference. IEEE, 2012."
9,"W. Zhang, Y. Yang, Q. Wang, F. Shu, ""An Empirical Study on Classification of Non-Functional Requirements"", The Twenty-Third International Conference on Software Engineering and Knowledge Engineering (SEKE 2011), pp. 190-195, 2011."
9,"Z. Kurtanovic, W. Maalej, ""Automatically Classifying Functional and Non-functional Requirements Using Supervised Machine Learning"", 2017 IEEE 25th International Requirements Engineering Conference (RE), pp. 490-495, 2017."
9,"Z. S. H. Abad, O. Karras, P. Ghazi, M. Glinz, G. Ruhe, K. Schneider, ""What Works Better? A Study of Classifying Requirements"", 2017 IEEE 25th International Requirements Engineering Conference (RE), pp. 496-501, 2017."
9,"I. Sommerville, ""Software Engineering"", Addison-Wesley, 1996."
10,"W. Maalej and H. Nabil. 2015. ""Bug report feature request or simply praise? On automatically classifying app reviews"". In Proceedings of the 23rd IEEE International Requirements Engineering Conference (RE'15). IEEE, 116--125."
10,"D. Pagano and W. Maalej. 2013. ""User feedback in the appstore: an empirical study"". In Proceedings of the 21st IEEE International Requirements Engineering Conference (RE'13). IEEE, 125--134."
10,"C. Iacob and R. Harrison. 2013. ""Retrieving and analyzing mobile apps feature requests from online reviews"". In Proceeding of the 10th IEEE Working Conference on Mining Software Repositories (MSR'13). IEEE, 41--44."
10,"R. Chandy and H. Gu. 2012. ""Identifying spam in the IOS app store"". In Proceedings of the 2nd Joint WICOW/AIRWeb Workshop on Web Quality (WebQuality'12). ACM, 56--59."
10,"Y. Yang and J. P. Pedersen. 1997. ""A comparative study on feature selection in text categorization"". In Proceedings of the 14th International Conference on Machine Learning (ICML'97). Morgan Kaufmann, 412--420."
10,"N. Chen, J. Lin, Steven C. H. Hoi, X. Xiao, and B. Zhang. 2014. ""AR-miner: mining informative reviews for developers from mobile app marketplace"". In Proceedings of the 36th International Conference on Software Engineering (ICSE'14). ACM, 767--778."
10,"D. M. Blei, A. Y. Ng, and M. I. Jordan. 2003. ""Latent dirichlet allocation"". Journal of Machine Learning Research 3, (2003), 993--1022."
10,"S. Di Panichella, A. Sorbo, E. Guzman, C. A. Visaggio, G. Canfora, and H. C. Gall. 2015. ""How can I improve my app? Classifying user reviews for software maintenance and evolution"". In Proceedings of the 31st IEEE International Conference on Software Maintenance and Evolution (ICSME'15). IEEE, 281--290."
10,"X. Gu and S. Kim. ""What parts of your apps are loved by users?"" 2015. In Proceedings of the 30th IEEE/ACM International Conference on Automated Software Engineering (ASE'15). IEEE, 760--770."
10,"P. M. Vu, T. T. Nguyen, and H. V. Pham. 2015. ""Mining user opinions in mobile app reviews: a keyword-based approach"". In Proceedings of the 30th IEEE/ACM International Conference on Automated Software Engineering (ASE'15). IEEE, 749--759."
10,"T. Mikolov, K. Chen, G. Corrado, and J. Dean. 2013. ""Efficient estimation of word representations in vector space"". In Workshop of 1st International Conference on Learning Representations (ICLR'13)."
10,"S. McIlroy, N. Ali, H. Khalid, and A. E. Hassan. 2016. ""Analyzing and automatically labelling the types of user issues that are raised in mobile app reviews"". Empirical Software Engineering 21, 3 (2016), 1067--1106."
10,"Y. Zhang, R. Jin, and Z. H. Zhou. 2010. ""Understanding bag-of-words model: a statistical framework"". International Journal of Machine Learning and Cybernetics 1, 1--4 (2010), 43--52."
10,"P. Liang, P. Avgeriou, K. He, and L. Xu. 2010 ""From collective knowledge to intelligence: pre-requirements analysis of large and complex systems"". In Proceedings of the 1st Workshop on Web 2.0 for Software Engineering (Web2SE'10), ACM, 26--30."
10,"G. Forman. 2003. ""An extensive empirical study of feature selection metrics for text classification"". Journal of Machine Learning Research 3, 3 (2003), 1289--1305."
10,"C. H. Li, J. C. Yang, and S. C. Park. 2012. ""Text categorization algorithms using semantic approaches corpus-based thesaurus and WordNet"". Expert Systems with Applications 39, 1 (2012), 765--772."
10,"Y. Zhou, Y. Tong, R. Gu and H. Gall. 2014. ""Combining text mining and data mining for bug report classification"". In Proceedings of the 30th IEEE International Conference on Software Maintenance and Evolution (ICSME'14). IEEE, 311--320."
10,"W. Maalej, M. Nayebi, T. Johann, and G. Ruhe. 2016. ""Toward data-driven requirements engineering"". IEEE Software 33, 1 (2016), 48--54."
10,"C. Gao, H. Xu, J. Hu, and Y. Zhou. 2015. ""Ar-tracker: track the dynamics of mobile apps via user review mining"". In Proceedings of the 10th IEEE Symposium on Service-Oriented System Engineering (SOSE'15). IEEE, 284--290."
10,"S. Xie, G. Wang, S. Lin, and P. S. Yu. 2012. ""Review spam detection via temporal pattern discovery"". In Proceedings of the 18th ACM SIGKDD International Conference on Knowledge Discovery and Data Mining (KDD'12). ACM, 823--831."
10,"J. Oh, D. Kim, U. Lee, J. G. Lee, and J. Song. 2013. ""Facilitating developer-user interactions with mobile app review digests"". In CHI'13 Extended Abstracts on Human Factors in Computing Systems (CHI'13). ACM, 1809--1814."
10,"A. Di Sorbo, S. Panichella, C. V. Alexandru, J. Shimagaki, C. A. Visaggio, G. Canfora, and H. Gall. 2016. ""What would users change in my app? summarizing app reviews for recommending software changes"". In Proceedings of the 24th ACM SIGSOFT International Symposium on Foundations of Software Engineering (FSE'16). ACM, 499--510."
10,"S. Rastkar, G. C. Murphy, and G. Murray. 2014. ""Automatic summarization of bug reports"". IEEE Transactions on Software Engineering 40, 4 (2014), 366--380."
10,"L. V. Galvis Carreno and K. Winbladh. 2013. ""Analysis of user comments: an approach for software requirements evolution"". In Proceedings of the 35th International Conference on Software Engineering (ICSE'13). IEEE, 582--591."
10,"J. Cleland-Huang, R. Settimi, X. Zou, and P. Solc. 2007. ""Automated classification of non-functional requirements"". Requirements Engineering 12, 2 (2007), 103--120."
10,"A. Mahmoud and W. Grant. 2016. ""Detecting classifying and tracing non-functional software requirements"". Requirements Engineering 21, 3 (2016), 1--25."
10,"S. McIlroy, W. Shang, N. Ali, and A. Hassan. 2015. ""Is it worth responding to reviews? A case study of the top free apps in the Google Play store"". IEEE Software."
10,"W. Martin, F. Sarro, Y. Jia, Y. Zhang, and M. Harman. 2016. ""A Survey of app store analysis for software engineering"". IEEE Transactions on Software Engineering."
10,"Y. Tian, M. Nagappan, D. Lo, and A. E. Hassan. 2015. ""What are the characteristics of high-rated apps? A case study on free Android applications"". In Proceedings of the 31th IEEE International Conference on Software Maintenance and Evolution (ICSME'15). IEEE, 301--310."
10,"A. A. Al-Subaihin, F. Sarro, S. Black, L. Capra, M. Harman, Y. Jia, and Y. ZhangTavecchia. 2016. ""Clustering mobile apps based on mined textual features"". In Proceedings of the 10th ACM/IEEE International Symposium on Empirical Software Engineering and Measurement (ESEM'16). ACM, 1--38."
10,"""Number of apps available in leading app stores as of June 2016"", http://www.statista.com/statistics/276623/number-of-apps-available-inleading-app-stores/, accessed on 2016-07-01."
10,"J. R. Quinlan. 1996. ""Bagging boosting and C4.5"". In Proceedings of the 13th AAAI Conference on Artificial Intelligence (AAAI'96). AAAI Press, 725--730."
10,"F. Shull, J. Singer, and D. I. Sjøberg. 2008. ""Guide to advanced empirical software engineering"". Springer-Verlag, London."
10,"W. Zhang, Y. Yang, Q. Wang, and F. Shu. 2015. ""An empirical study on classification of non-functional requirements"". In Proceedings of the 23rd International Conference on Software Engineering and Knowledge Engineering (SEKE'15). Knowledge Systems Institute, 190--195."
10,"ISO, ISO/IEC 25010, 2011. ""Systems and software engineering --- Systems and software Quality Requirements and Evaluation (SQuaRE) --- System and software quality models"". In ISO/IEC FDIS 25010, 2011, 1--34."
10,"L. Hoon, M. A. Rodriguez-García, R. Vasa, R. Valencia-García, and J. G. Schneider. 2016 ""App reviews: breaking the user and developer language barrier"". In Trends and Applications in Software Engineering. Springer International Publishing, 223--233."
10,"T. Dietterich. 1995. ""Overfitting and undercomputing in machine learning"". ACM computing surveys 27, 3 (1995), 326--327."
10,"P. Liang and H. Yang. 2015. ""Identification and classification of requirements from app user reviews"". In Proceedings of the 27th International Conference on Software Engineering and Knowledge Engineering (SEKE'15). Knowledge Systems Institute, 7--12."
10,"L. Villarroel, G. Bavota, B. Russo, R. Oliveto, and M. Di Penta. 2016. ""Release planning of mobile apps based on user reviews"". In Proceedings of the 38th International Conference on Software Engineering (ICSE'16). ACM, 14--24."
10,"G. B. Chen and H. Y. Kao. 2015. ""Word co-occurrence augmented topic model in short text"". International Journal of Computational Linguistics and Chinese Language Processing 20, 2 (2015), 45--64."
10,"Emitza Guzman, Omar Aly, and Bernd Bruegge. 2015. ""Retrieving diverse opinions from app reviews"". In Proceedings of the 9th ACM/IEEE International Symposium on Empirical Software Engineering and Measurement (ESEM'15). ACM, 1--10."
10,"B. Wallace, K. Small, C. Brodley, and T. Trikalinos. 2011 ""Class imbalance, redux"". In Proceedings of the 11th IEEE International Conference on Data Mining (ICDM'11). IEEE, 754--763."
11,"M. Glinz, ""A Glossary of Requirements Engineering Terminology Version 1.6"" in International Requirements Engineering Board (IREB), 2014."
11,"M. Glinz, ""On non-functional requirements"", 15th IEEE International Requirements Engineering Conference (RE'07), pp. 21-26, 2007."
11,"N. A. Ernst, J. Mylopoulos, R. Wieringa, A. Persson, ""On the perception of software quality requirements during the project lifecycle"", Requirements Engineering: Foundation for Software Quality: 16th International Working Conference REFSQ 2010 Essen Germany June 30-July 2 2010. Proceedings, pp. 143-157, 2010."
11,"Z. S. H. Abad, G. Ruhe, ""Using real options to manage technical debt in requirements engineering"", 23rd IEEE International Requirements Engineering Conference (RE), pp. 230-235, 2015."
11,"Z. S. H. Abad, A. Shymka, S. Pant, A. Currie, G. Ruhe, ""What are practitioners asking about requirements engineering? an exploratory analysis of social q a sites"", 24th IEEE International Requirements Engineering Conference Workshops (REW), pp. 334-343, 2016."
11,"I. Hussain, L. Kosseim, O. Ormandjieva, ""Using linguistic knowledge to classify non-functional requirements in SRS documents"", International Conference on Application of Natural Language to Information Systems, pp. 287-298, 2008."
11,"N. Niu, S. Easterbrook, ""Extracting and modeling product line functional requirements"", 2008 16th IEEE International Requirements Engineering Conference, pp. 155-164, 2008."
11,"C. Duan, P. Laurent, J. Cleland-Huang, C. Kwiatkowski, ""Towards automated requirements prioritization and triage"", Requir. Eng., vol. 14, no. 2, pp. 73-89, 2009."
11,"E. Knauss, D. Ott, ""Automatic requirement categorization of large natural language specifications at mercedes-benz for review improvements"", Proceedings of the 19th International Conference on Requirements Engineering: Foundation for Software Quality ser. REFSQ'13, pp. 50-64, 2013."
11,"J. Cleland-Huang, R. Settimi, X. Zou, P. Sole, ""The detection and classification of non-functional requirements with application to early aspects"", 14th IEEE International Requirements Engineering Conferenc, pp. 39-48, 2006."
11,"M. Rahimi, M. Mirakhorli, J. Cleland-Huang, ""Automated extraction and visualization of quality concerns from requirements specifications"", 2014 IEEE 22nd International Requirements Engineering Conference, pp. 253-262, 2014."
11,"E. Knauss, D. Damian, G. Poo-Caamano, J. Cleland-Huang, ""Detecting and classifying patterns of requirements clarifications"", IEEE Computer Society, pp. 251-260, 2012."
11,"Y. Ko, S. Park, J. Seo, S. Choi, ""Using classification techniques for informal requirements in the requirements analysis-supporting system"", Inf. Softw. Technol., vol. 49, no. 11–12, pp. 1128-1140, Nov. 2007."
11,"D. Klein, C. D. Manning, ""Accurate unlexicalized parsing"", Proceedings of the 41st Annual Meeting on Association for Computational Linguistics-Volume 1 ser. ACL ‘03 Association for Computational Linguistics, pp. 423-430, 2003."
11,"A. X. Chang, C. D. Manning, ""Sutime: A library for recognizing and normalizing time expressions"", LREC, pp. 3735-3740, 2012."
11,"I. H. Witten, E. Frank, M. A. Hall, C. J. Pal, ""Data mining: Practical machine learning tools and techniques"", Morgan Kaufmann, 2016."
11,"J. R. Quinlan, ""C4. 5: Programs for machine learning"", Elsevier, 2014."
11,"H. M. Wallach, ""Topic Modeling: Beyond Bag-of-words"", Proceedings of the 23rd International Conference on Machine Learning, pp. 977-984, 2006."
11,"A. K. Jain, M. N. Murty, P. J. Flynn, ""Data clustering: A review"", ACM Comput. Surv., vol. 31, no. 3, pp. 264-323, 1999."
11,"D. D. Lewis, C. Nédellec, C. Rouveirol, ""Naive (bayes) at forty: The independence assumption in information retrieval"", Machine Learning: ECML-98: 10th European Conference on Machine Learning Chemnitz Germany April 21–23 1998 Proceedings, pp. 4-15, 1998."
11,"J. H. Xue, D. M. Titterington, ""Do unbalanced data have a negative effect on Ida?"", Pattern Recognition, vol. 41, no. 5, pp. 1558-1571, 2008."
11,"V. López, A. Fernández, S. Garía, V. Palade, F. Herrera, ""An insight into classification with imbalanced data: Empirical results and current trends on using data intrinsic characteristics"", Information Sciences, vol. 250, pp. 113-141, 2013."
12,"B. Fabian, S. Gürses, M. Heisel, T. Santen, and H. Schmidt, ""A comparison of security requirements engineering methods"", Requirements Engineering-Special Issue on RE'09: Security Requirements Engineering, vol. 15, pp. 7-40, 2010."
12,"D. Mellado, C. Blanco, L. E. Sánchez, and E. Fernández-Medina, ""A systematic review of security requirements engineering"", Computer Standards and Interfaces, vol. 32, p. 13, Jun. 2010."
12,"J. Slankas and L. Williams, ""Automated extraction of nonfunctional requirements in available documentation"", in International Conference on Software Engineering (ICSE) 1st International Workshop on Natural Language Analysis in Software Engineering (NaturaLiSE), 2013, pp. 9-16."
12,"D. G. Firesmith, ""Engineering security requirements"", J. Object Technology, vol. 2, p. 16, Jan-Feb. 2003."
12,"D. G. Firesmith, ""Specifying reusable security requirements"", Jornal of Object Technology, vol. 3, p. 15, Jan-Feb. 2004."
12,"D. Mellado, E. Fernández-Medina, and M. Piattini, ""A common criteria based security requirements engineering process for the development of secure information systems"", Computer Standards and Interfaces, vol. 29, pp. 244-253, Feb 2007."
12,"M. Schumacher, E. Fernandez-Buglioni, D. Hyberston, F. Buschmann, and P. Sommerlad, ""Security Patterns: Integrating Security and Systems Engineering"". West Sussex: John Wiley & Sons, Ltd, 2006."
12,"2012, ""Common Criteria for Information Technology Security Evaluation"",Version 3.1. Release 4. Available: http://www.commoncriteriaportal.org/files/ccfiles/CCPART2V3. 1R4.pdf"
12,"D. Firesmith, ""Specifying reusable security requirements"", Jornal of Object Technology, vol. 3, p. 15, Jan-Feb. 2004."
12,"D. Mellado, C. Blanco, L. E. Sánchez, and E. Fernández-Medina, ""A systematic review of security requirements engineering"", Computer Standards & Interfaces, vol. 32, pp. 153-165, 2010."
12,"M. Howard and S. Lipner, ""The Security Development Lifecycle"". Redmond, WA: Microsoft Press, 2006."
12,"N. R. Mead, E. D. Houg, and T. R. Stehney, ""Security Quality Requirements Engineering (SQUARE) Methodology"", Software Engineering Inst., Carnegie Mellon University2005."
12,"G. Sindre and A. L. Opdahl, ""Eliciting security requirements with misuse cases"", Requirements Engineering, vol. 10, p. 12, 2005."
12,"A. v. Lamsweerde, ""Elaborating security requirements by construction of intentional anti-Models"", presented at the International Conference on Software Engineering (ICSE 2004), Edinburgh, Scotland, 2004."
12,"V. N. L. Franqueira, T. T. Tun, Y. Yu, R. Wieringa, and B. Nuseibeh, ""Risk and argument: A risk-based argumentation method for practical security"", presented at the IEEE International Requirements Engineering Conference, 2011."
12,"P. Salini and S. Kanmani, ""Survey and analysis on security requirements engineering"", Computers and Electrical Engineering, vol. 38, p. 13, 2012."
12,"Kurt Schneider, Eric Knauss, Siv Houmb, Shareeful Islam, and J. Jürjens, ""Enhancing security requirements engineering by organizational learning"", Requirements Engineering, vol. 17, pp. 35-56, 2012."
12,"T. D. Breaux and A. I. Antón, ""Analyzing regulatory rules for privacy and security requirements"", IEEE Transactions on Software Engineering, vol. 34, pp. 5-20, Jan. 2008."
12,"J. C. Maxwell, A. I. Antón, and P. Swire, ""A legal crossreferences taxonomy for identifying conflicting software requirements"", in Requirements Engineering, 2011, pp. 197-206."
12,"Q. He and A. I. Antón, ""Requirements-based Access Control Analysis and Policy Specification (ReCAPS),"" Information and Software Technology, vol. 51, pp. 993-1009, 2009."
12,"X. Xiao, A. Paradkar, S. Thummalapenta, and T. Xie, ""Automated extraction of security policies from natural-language software documents"", in International Symposium on the Foundations of Software Engineering (FSE), ed. Raleigh, North Carolina, USA, 2012."
12,"G. Salton and M. J. McGill, ""Introduction to Modern Information Retrieval"", 1986."
12,"J. Cleland-Huang, R. Settimi, and P. Solc, ""The detection and classification of non-functional requirements with application to early aspects"", in 14th IEEE International Requirements Engineering Conference (RE'06), IEEE, 2006, pp. 39-48."
12,"A. Casamayor, D. Godoy, and M. Campo, ""Identification of nonfunctional requirements in textual specifications: A semisupervised learning approach"", Information and Software Technology, vol. 52, pp. 436-445, 2010."
12,"W. Zhang, Y. Yang, Q. Wang, and F. Shu, ""An empirical study on classification of non-functional requirements"", in The Twenty-Third International Conference on Software Engineering and Knowledge Engineering (SEKE 2011), 2011, pp. 190-195."
12,"2013, ""Security and Privacy Controls for Federal Information Systems and Organizations"". Available: http://nvlpubs.nist.gov/nistpubs/SpecialPublications/NIST.SP.800-53r4.pdf"
12,"2001, ""Underlying Technical Models for Information Technology Security"". Available: http://csrc.nist.gov/publications/nistpubs/800-33/sp800-33.pdf"
12,"2004, ""Standards for Security Categorization of Federal Information and Information Systems"". Available: http://csrc.nist.gov/publications/fips/fips199/FIPS-PUB-199-final.pdf"
12,"2006, ""Minimum Security Requirements for Federal Information and Information Systems"" Available: http://csrc.nist.gov/publications/fips/fips200/FIPS-200-finalmarch. pdf"
12,"2002, ""Federal Information Security Management Act"". Available: http://csrc.nist.gov/drivers/documents/FISMA-final.pdf"
12,"J. H. Saltzer and M. D. Schroeder, ""The protection of information in computer systems"", Communication of the ACM, vol. 17, 1974."
12,"1990, ""IEEE Standard Glossary of Software Engineering Terminology"". Available: http://standards.ieee.org/findstds/standard/610.12-1990.html"
12,"V. I. Levenshtein, ""Binary codes capable of correcting deletions, insertions, and reversals"", Soviet Physics Doklady, vol. 10, pp. 707-710, 1966."
12,"J. R. Landis and G. G. Koch, ""The measurement of observer agreement for categorical data"", Biometrics, vol. 33, pp. 159-174, 1977."
12,"M. Hall, H. National, E. Frank, G. Holmes, B. Pfahringer, P. Reutemann, and I. H. Witten, ""The WEKA Data Mining Software: An Update"", SIGKDD Explorations, vol. 11, pp. 10-18, 2009."
12,"J. Han, M. Kamber, and J. Pei, ""Data Mining: Concepts and Techniques"", p. 744, 2011."
12,"J. R. Quinlan, ""Induction of decision trees"", Machine Learning, vol. 1, 1986."
12,"Y. Yang and P. J.P., ""A comparative study on feature selection in text categorization"" in Fourteenth International Conference on Machine Learning (ICML'97), 1997, pp. 412-420."
12,"M. Riaz, J. Slankas, J. King, and L. Williams, ""Using templates to elicit implied security requirements from functional requirements: A controlled experiment"", to present at the International Symposium on Empirical Software Engineering and Measurement (ESEM), Torino, Italy, 2014."
12,"S. Withall, ""Software Requirement Patterns"".: O'Reillly, 2007."
13,"L. Breiman, ""Random forests"", Mach. Learn., vol. 45, no. 1, pp. 5-32, Oct. 2001."
13,"R. Caruana, ""Learning from imbalanced data: Rank metrics and extra tasks"", Proc. Am. Assoc. for Artificial Intelligence (AAAI) Conf, 2000."
13,"A. Casamayor, D. Godoy, M. Campo, ""Identification of nonfunctional requirements in textual specifications: A semi-supervised learning approach"", Information and Software Technology, vol. 52, no. 4, 2010."
13,"L. Chung, B. A. Nixon, ""Dealing with non-functional requirements: three experimental studies of a process-oriented approach"", 17th International Conference on Software Engineering ICSE 1995. IEEE."
13,"J. Cleland-Huang, A. Czauderna, M. Gibiec, J. Emenecker, ""A machine learning approach for tracing regulatory codes to product specific requirements"", Proc. of the 32nd ACM/IEEE International Conference on Software Engineering, vol. 1, 2010."
13,"J. Cleland-Huang, R. Settimi, X. Zou, P. Sole, ""The detection and classification of non-functional requirements with application to early aspects"", Requirements Engineering 14th IEEE International Conference. IEEE, 2006."
13,"A. M. Davis, ""Software requirements: objects functions and states"", Prentice-Hall, Inc., 1993."
13,"J. Eckhardt, A. Vogelsang, D. M. Fernández, ""Are non-functional requirements really non-functional?: an investigation of non-functional requirements in practice"", Proc. of the 38th International Conference on Software Engineering, 2016."
13,"A. Estabrooks, T. Jo, N. Japkowicz, ""A multiple resampling method for learning from imbalanced data sets"", Computational intelligence, vol. 20, no. 1, 2004."
13,"W. B. Frakes, R. Baeza-Yates, ""Information retrieval: data structures and algorithms"", 1992."
13,"Y. Freund, R. E. Schapire, ""A decision-theoretic generalization of on-line learning and an application to boosting"", J. Comput. Syst. Sci., vol. 55, no. 1, pp. 119-139, Aug. 1997."
13,"J. H. Friedman, ""Stochastic gradient boosting"", Comput. Stat. Data Anal., vol. 38, no. 4, pp. 367-378, Feb. 2002."
13,"P. Geurts, D. Ernst, L. Wehenkel, ""Extremely randomized trees"", Machine Learning, vol. 63, no. 1, pp. 3-42, 2006."
13,"M. Glinz, ""On non-functional requirements"", Requirements Engineering Conference 2007. RE'07. 15th IEEE International. IEEE, 2007."
13,"I. Guyon, A. Elisseeff, ""An introduction to variable and feature selection"", The Journal of Machine Learning Research, vol. 3, 2003."
13,"D. J. Hand, K. Yu, ""Idiot's bayes not so stupid after all?"", International statistical review, vol. 69, no. 3, 2001."
13,"H. He, E. A. Garcia, ""Learning from imbalanced data"", IEEE Transactions on knowledge and data engineering, vol. 21, no. 9, 2009."
13,"R. C. Holte, L. Acker, B. W. Porter et al., ""Concept learning and the problem of small disjuncts"" in IJCAI, Citeseer, vol. 89, 1989."
13,"C. Iacob, R. Harrison, ""Retrieving and analyzing mobile apps feature requests from online reviews"", Mining Software Repositories (MSR) 2013 10th IEEE Working Conference on. IEEE, 2013."
13,"E. Knauss, D. Damian, G. Poo-Caamaño, J. Cleland-Huang, ""Detecting and classifying patterns of requirements clarifications"", 20th IEEE International Requirements Engineering Conference. IEEE, 2012."
13,"G. Kotonya, I. Sommerville, ""Requirements engineering: processes and techniques"", Wiley Publishing, 1998."
13,"Z. Kurtanović, W. Maalej, ""Mining user rationale from software reviews"", Proc. of the 25rd IEEE International Requirements Engineering Conference, 2017."
13,"J. Laurikkala, ""Improving identification of difficult small classes by balancing class distribution"", Conference on Artificial Intelligence in Medicine in Europe, 2001."
13,"W. Maalej, Z. Kurtanović, H. Nabil, C. Stanik, ""On the automatic classification of app reviews"", Requirements Engineering, 2016."
13,"M. P. Marcus, M. A. Marcinkiewicz, B. Santorini, ""Building a large annotated corpus of english: The penn treebank"", Comput. Linguist., vol. 19, no. 2, pp. 313-330, June 1993."
13,"J. R. Quinlan, ""Induction of decision trees"", Machine learning, vol. 1, no. 1, 1986."
13,"C. Schaffer, ""Selecting a classification method by cross-validation"", Machine Learning, vol. 13, no. 1, 1993."
13,"J. Slankas, L. Williams, ""Automated extraction of non-functional requirements in available documentation"", 1st International Workshop on Natural Language Analysis in Software Engineering. IEEE, 2013."
13,"I. Sommerville, P. Sawyer, ""Requirements Engineering: A Good Practice Guide"", John Wiley & Sons, Inc., 1997."
13,"L.T. Su, ""The relevance of recall and precision in user evaluation"", Journal of the American Society for Information Science, vol. 45, no. 3, 1994."
13,"R. B. Svensson, T. Gorschek, B. Regnell, ""Quality requirements in practice: An interview study in requirements engineering for embedded systems"", International Working Conference on Requirements Engineering: Foundation for Software Quality, 2009."
13,"G. Weiss, F. Provost, ""The effect of class distribution on classifier learning: an empirical study tech. Technical report Re ML-TR-44"", Department of Computer Science Rutgers University, 2001."
13,"G. M. Weiss, ""Mining with rarity: a unifying framework"", ACM Sigkdd Explorations Newsletter, vol. 6, no. 1, 2004."
13,"Q.-S. Xu, Y.-Z. Liang, ""Monte carlo cross validation"", Chemometrics and Intelligent Laboratory Systems, vol. 56, no. 1, 2001."
13,"Y. Yang, X. Liu, ""A re-examination of text categorization methods"", Proc. of the 22nd annual international ACM SIGIR conference on Research and development in information retrieval, 1999."